Workbook

Sheet Sheet1
A1: Name | B1: Admission_No | C1: Math | D1: Grade | E1: English | F1: Grade | G1: Kiswahili | H1: Grade | I1: Chemistry | J1: Grade | K1: Biology | L1: Grade | M1: Physics | N1: Grade | O1: Business_studies | P1: Grade | Q1: Cre | R1: Grade | S1: History | T1: Grade | U1: Agriculture | V1: Grade | W1: Geography | X1: Grade | Y1: Marks | Z1: points | AA1: mean_grade
A2: Dan | B2: 24809 | C2: 71 | D2: =IF(C2>=70,"A",IF(C2>=65,"A-",IF(C2>=60,"B+",IF(C2>=55,"B",IF(C2>=50,"B-",IF(C2>=45,"C+",IF(C2>=40,"C",IF(C2>=35,"C-",IF(C2>=30,"D+",IF(C2>=25,"D",IF(C2>=20,"D-","E"))))))))))) -> A | E2: 60 | F2: =IF(E2>=80,"A",IF(E2>=75,"A-",IF(E2>=70,"B+",IF(E2>=65,"B",IF(E2>=60,"B-",IF(E2>=55,"C+",IF(E2>=50,"C",IF(E2>=45,"C-",IF(E2>=40,"D+",IF(E2>=35,"D",IF(E2>=30,"D-","E"))))))))))) -> B- | G2: 67 | H2: =IF(G2>=80,"A",IF(G2>=75,"A-",IF(G2>=70,"B+",IF(G2>=65,"B",IF(G2>=60,"B-",IF(G2>=55,"C+",IF(G2>=50,"C",IF(G2>=45,"C-",IF(G2>=40,"D+",IF(G2>=35,"D",IF(G2>=30,"D-","E"))))))))))) -> B | I2: 76 | J2: =IF(I2="", " ",IF(I2>=80,"A",IF(I2>=75,"A-",IF(I2>=70,"B+",IF(I2>=65,"B",IF(I2>=60,"B-",IF(I2>=55,"C+",IF(I2>=50,"C",IF(I2>=45,"C-",IF(I2>=40,"D+",IF(I2>=35,"D",IF(I2>=30,"D-","E")))))))))))) -> A- | K2: 78 | L2: =IF(K2>=80,"A",IF(K2>=75,"A-",IF(K2>=70,"B+",IF(K2>=65,"B",IF(K2>=60,"B-",IF(K2>=55,"C+",IF(K2>=50,"C",IF(K2>=45,"C-",IF(K2>=40,"D+",IF(K2>=35,"D",IF(K2>=30,"D-","E"))))))))))) -> A- | N2: =IF(M2="", " ",IF(M2>=80,"A",IF(M2>=75,"A-",IF(M2>=70,"B+",IF(M2>=65,"B",IF(M2>=60,"B-",IF(M2>=55,"C+",IF(M2>=50,"C",IF(M2>=45,"C-",IF(M2>=40,"D+",IF(M2>=35,"D",IF(M2>=30,"D-","E")))))))))))) | O2: 85 | P2: =IF(O2="", " ",IF(O2>=80,"A",IF(O2>=75,"A-",IF(O2>=70,"B+",IF(O2>=65,"B",IF(O2>=60,"B-",IF(O2>=55,"C+",IF(O2>=50,"C",IF(O2>=45,"C-",IF(O2>=40,"D+",IF(O2>=35,"D",IF(O2>=30,"D-","E")))))))))))) -> A | Q2: 89 | R2: =IF(Q2="", " ",IF(Q2>=80,"A",IF(Q2>=75,"A-",IF(Q2>=70,"B+",IF(Q2>=65,"B",IF(Q2>=60,"B-",IF(Q2>=55,"C+",IF(Q2>=50,"C",IF(Q2>=45,"C-",IF(Q2>=40,"D+",IF(Q2>=35,"D",IF(Q2>=30,"D-","E")))))))))))) -> A | T2: =IF(S2="", " ",IF(S2>=80,"A",IF(S2>=75,"A-",IF(S2>=70,"B+",IF(S2>=65,"B",IF(S2>=60,"B-",IF(S2>=55,"C+",IF(S2>=50,"C",IF(S2>=45,"C-",IF(S2>=40,"D+",IF(S2>=35,"D",IF(S2>=30,"D-","E")))))))))))) | V2: =IF(U2="", " ",IF(U2>=80,"A",IF(U2>=75,"A-",IF(U2>=70,"B+",IF(U2>=65,"B",IF(U2>=60,"B-",IF(U2>=55,"C+",IF(U2>=50,"C",IF(U2>=45,"C-",IF(U2>=40,"D+",IF(U2>=35,"D",IF(U2>=30,"D-","E")))))))))))) | W2: 92 | X2: =IF(W2="", " ",IF(W2>=80,"A",IF(W2>=75,"A-",IF(W2>=70,"B+",IF(W2>=65,"B",IF(W2>=60,"B-",IF(W2>=55,"C+",IF(W2>=50,"C",IF(W2>=45,"C-",IF(W2>=40,"D+",IF(W2>=35,"D",IF(W2>=30,"D-","E")))))))))))) -> A | Y2: =SUM(C2:W2) -> 618 | Z2: =SUM( IFERROR(VLOOKUP(D2,Sheet2!$K$13:$L$24,2,FALSE),0), IFERROR(VLOOKUP(F2,Sheet2!$K$13:$L$24,2,FALSE),0), IFERROR(VLOOKUP(H2,Sheet2!$K$13:$L$24,2,FALSE),0), IFERROR(VLOOKUP(J2,Sheet2!$K$13:$L$24,2,FALSE),0), IFERROR(VLOOKUP(L2,Sheet2!$K$13:$L$24,2,FALSE),0), IFERROR(VLOOKUP(N2,Sheet2!$K$13:$L$24,2,FALSE),0), IFERROR(VLOOKUP(P2,Sheet2!$K$13:$L$24,2,FALSE),0), IFERROR(VLOOKUP(R2,Sheet2!$K$13:$L$24,2,FALSE),0), IFERROR(VLOOKUP(T2,Sheet2!$K$13:$L$24,2,FALSE),0), IFERROR(VLOOKUP(V2,Sheet2!$K$13:$L$24,2,FALSE),0), IFERROR(VLOOKUP(X2,Sheet2!$K$13:$L$24,2,FALSE),0) ) -> 87 | AA2: =VLOOKUP(Z2, Sheet2!$A$2:$B$13, 2, TRUE) -> A
A3: Ann | B3: 23171 | C3: 78 | D3: =IF(C3>=70,"A",IF(C3>=65,"A-",IF(C3>=60,"B+",IF(C3>=55,"B",IF(C3>=50,"B-",IF(C3>=45,"C+",IF(C3>=40,"C",IF(C3>=35,"C-",IF(C3>=30,"D+",IF(C3>=25,"D",IF(C3>=20,"D-","E"))))))))))) -> A | E3: 78 | F3: =IF(E3>=80,"A",IF(E3>=75,"A-",IF(E3>=70,"B+",IF(E3>=65,"B",IF(E3>=60,"B-",IF(E3>=55,"C+",IF(E3>=50,"C",IF(E3>=45,"C-",IF(E3>=40,"D+",IF(E3>=35,"D",IF(E3>=30,"D-","E"))))))))))) -> A- | G3: 56 | H3: =IF(G3>=80,"A",IF(G3>=75,"A-",IF(G3>=70,"B+",IF(G3>=65,"B",IF(G3>=60,"B-",IF(G3>=55,"C+",IF(G3>=50,"C",IF(G3>=45,"C-",IF(G3>=40,"D+",IF(G3>=35,"D",IF(G3>=30,"D-","E"))))))))))) -> C+ | I3: 90 | J3: =IF(I3="", " ",IF(I3>=80,"A",IF(I3>=75,"A-",IF(I3>=70,"B+",IF(I3>=65,"B",IF(I3>=60,"B-",IF(I3>=55,"C+",IF(I3>=50,"C",IF(I3>=45,"C-",IF(I3>=40,"D+",IF(I3>=35,"D",IF(I3>=30,"D-","E")))))))))))) -> A | K3: 56 | L3: =IF(K3>=80,"A",IF(K3>=75,"A-",IF(K3>=70,"B+",IF(K3>=65,"B",IF(K3>=60,"B-",IF(K3>=55,"C+",IF(K3>=50,"C",IF(K3>=45,"C-",IF(K3>=40,"D+",IF(K3>=35,"D",IF(K3>=30,"D-","E"))))))))))) -> C+ | M3: 45 | N3: =IF(M3="", " ",IF(M3>=80,"A",IF(M3>=75,"A-",IF(M3>=70,"B+",IF(M3>=65,"B",IF(M3>=60,"B-",IF(M3>=55,"C+",IF(M3>=50,"C",IF(M3>=45,"C-",IF(M3>=40,"D+",IF(M3>=35,"D",IF(M3>=30,"D-","E")))))))))))) -> C- | P3: =IF(O3="", " ",IF(O3>=80,"A",IF(O3>=75,"A-",IF(O3>=70,"B+",IF(O3>=65,"B",IF(O3>=60,"B-",IF(O3>=55,"C+",IF(O3>=50,"C",IF(O3>=45,"C-",IF(O3>=40,"D+",IF(O3>=35,"D",IF(O3>=30,"D-","E")))))))))))) | S3: 55 | T3: =IF(S3="", " ",IF(S3>=80,"A",IF(S3>=75,"A-",IF(S3>=70,"B+",IF(S3>=65,"B",IF(S3>=60,"B-",IF(S3>=55,"C+",IF(S3>=50,"C",IF(S3>=45,"C-",IF(S3>=40,"D+",IF(S3>=35,"D",IF(S3>=30,"D-","E")))))))))))) -> C+ | U3: 45 | V3: =IF(U3="", " ",IF(U3>=80,"A",IF(U3>=75,"A-",IF(U3>=70,"B+",IF(U3>=65,"B",IF(U3>=60,"B-",IF(U3>=55,"C+",IF(U3>=50,"C",IF(U3>=45,"C-",IF(U3>=40,"D+",IF(U3>=35,"D",IF(U3>=30,"D-","E")))))))))))) -> C- | X3: =IF(W3="", " ",IF(W3>=80,"A",IF(W3>=75,"A-",IF(W3>=70,"B+",IF(W3>=65,"B",IF(W3>=60,"B-",IF(W3>=55,"C+",IF(W3>=50,"C",IF(W3>=45,"C-",IF(W3>=40,"D+",IF(W3>=35,"D",IF(W3>=30,"D-","E")))))))))))) | Y3: =SUM(C3:W3) -> 503 | Z3: =SUM( IFERROR(VLOOKUP(D3,Sheet2!$K$13:$L$24,2,FALSE),0), IFERROR(VLOOKUP(F3,Sheet2!$K$13:$L$24,2,FALSE),0), IFERROR(VLOOKUP(H3,Sheet2!$K$13:$L$24,2,FALSE),0), IFERROR(VLOOKUP(J3,Sheet2!$K$13:$L$24,2,FALSE),0), IFERROR(VLOOKUP(L3,Sheet2!$K$13:$L$24,2,FALSE),0), IFERROR(VLOOKUP(N3,Sheet2!$K$13:$L$24,2,FALSE),0), IFERROR(VLOOKUP(P3,Sheet2!$K$13:$L$24,2,FALSE),0), IFERROR(VLOOKUP(R3,Sheet2!$K$13:$L$24,2,FALSE),0), IFERROR(VLOOKUP(T3,Sheet2!$K$13:$L$24,2,FALSE),0), IFERROR(VLOOKUP(V3,Sheet2!$K$13:$L$24,2,FALSE),0), IFERROR(VLOOKUP(X3,Sheet2!$K$13:$L$24,2,FALSE),0) ) -> 66 | AA3: =VLOOKUP(Z3, Sheet2!$A$2:$B$13, 2, TRUE) -> B-
A4: Rose | B4: 23789 | C4: 89 | D4: =IF(C4>=70,"A",IF(C4>=65,"A-",IF(C4>=60,"B+",IF(C4>=55,"B",IF(C4>=50,"B-",IF(C4>=45,"C+",IF(C4>=40,"C",IF(C4>=35,"C-",IF(C4>=30,"D+",IF(C4>=25,"D",IF(C4>=20,"D-","E"))))))))))) -> A | E4: 67 | F4: =IF(E4>=80,"A",IF(E4>=75,"A-",IF(E4>=70,"B+",IF(E4>=65,"B",IF(E4>=60,"B-",IF(E4>=55,"C+",IF(E4>=50,"C",IF(E4>=45,"C-",IF(E4>=40,"D+",IF(E4>=35,"D",IF(E4>=30,"D-","E"))))))))))) -> B | G4: 90 | H4: =IF(G4>=80,"A",IF(G4>=75,"A-",IF(G4>=70,"B+",IF(G4>=65,"B",IF(G4>=60,"B-",IF(G4>=55,"C+",IF(G4>=50,"C",IF(G4>=45,"C-",IF(G4>=40,"D+",IF(G4>=35,"D",IF(G4>=30,"D-","E"))))))))))) -> A | I4: 67 | J4: =IF(I4="", " ",IF(I4>=80,"A",IF(I4>=75,"A-",IF(I4>=70,"B+",IF(I4>=65,"B",IF(I4>=60,"B-",IF(I4>=55,"C+",IF(I4>=50,"C",IF(I4>=45,"C-",IF(I4>=40,"D+",IF(I4>=35,"D",IF(I4>=30,"D-","E")))))))))))) -> B | K4: 56 | L4: =IF(K4>=80,"A",IF(K4>=75,"A-",IF(K4>=70,"B+",IF(K4>=65,"B",IF(K4>=60,"B-",IF(K4>=55,"C+",IF(K4>=50,"C",IF(K4>=45,"C-",IF(K4>=40,"D+",IF(K4>=35,"D",IF(K4>=30,"D-","E"))))))))))) -> C+ | M4: 88 | N4: =IF(M4="", " ",IF(M4>=80,"A",IF(M4>=75,"A-",IF(M4>=70,"B+",IF(M4>=65,"B",IF(M4>=60,"B-",IF(M4>=55,"C+",IF(M4>=50,"C",IF(M4>=45,"C-",IF(M4>=40,"D+",IF(M4>=35,"D",IF(M4>=30,"D-","E")))))))))))) -> A | O4: 90 | P4: =IF(O4="", " ",IF(O4>=80,"A",IF(O4>=75,"A-",IF(O4>=70,"B+",IF(O4>=65,"B",IF(O4>=60,"B-",IF(O4>=55,"C+",IF(O4>=50,"C",IF(O4>=45,"C-",IF(O4>=40,"D+",IF(O4>=35,"D",IF(O4>=30,"D-","E")))))))))))) -> A | S4: 78 | T4: =IF(S4="", " ",IF(S4>=80,"A",IF(S4>=75,"A-",IF(S4>=70,"B+",IF(S4>=65,"B",IF(S4>=60,"B-",IF(S4>=55,"C+",IF(S4>=50,"C",IF(S4>=45,"C-",IF(S4>=40,"D+",IF(S4>=35,"D",IF(S4>=30,"D-","E")))))))))))) -> A- | V4: =IF(U4="", " ",IF(U4>=80,"A",IF(U4>=75,"A-",IF(U4>=70,"B+",IF(U4>=65,"B",IF(U4>=60,"B-",IF(U4>=55,"C+",IF(U4>=50,"C",IF(U4>=45,"C-",IF(U4>=40,"D+",IF(U4>=35,"D",IF(U4>=30,"D-","E")))))))))))) | X4: =IF(W4="", " ",IF(W4>=80,"A",IF(W4>=75,"A-",IF(W4>=70,"B+",IF(W4>=65,"B",IF(W4>=60,"B-",IF(W4>=55,"C+",IF(W4>=50,"C",IF(W4>=45,"C-",IF(W4>=40,"D+",IF(W4>=35,"D",IF(W4>=30,"D-","E")))))))))))) | Y4: =SUM(C4:W4) -> 625 | Z4: =SUM( IFERROR(VLOOKUP(D4,Sheet2!$K$13:$L$24,2,FALSE),0), IFERROR(VLOOKUP(F4,Sheet2!$K$13:$L$24,2,FALSE),0), IFERROR(VLOOKUP(H4,Sheet2!$K$13:$L$24,2,FALSE),0), IFERROR(VLOOKUP(J4,Sheet2!$K$13:$L$24,2,FALSE),0), IFERROR(VLOOKUP(L4,Sheet2!$K$13:$L$24,2,FALSE),0), IFERROR(VLOOKUP(N4,Sheet2!$K$13:$L$24,2,FALSE),0), IFERROR(VLOOKUP(P4,Sheet2!$K$13:$L$24,2,FALSE),0), IFERROR(VLOOKUP(R4,Sheet2!$K$13:$L$24,2,FALSE),0), IFERROR(VLOOKUP(T4,Sheet2!$K$13:$L$24,2,FALSE),0), IFERROR(VLOOKUP(V4,Sheet2!$K$13:$L$24,2,FALSE),0), IFERROR(VLOOKUP(X4,Sheet2!$K$13:$L$24,2,FALSE),0) ) -> 84 | AA4: =VLOOKUP(Z4, Sheet2!$A$2:$B$13, 2, TRUE) -> A
A5: John | B5: 23890 | C5: 76 | D5: =IF(C5>=70,"A",IF(C5>=65,"A-",IF(C5>=60,"B+",IF(C5>=55,"B",IF(C5>=50,"B-",IF(C5>=45,"C+",IF(C5>=40,"C",IF(C5>=35,"C-",IF(C5>=30,"D+",IF(C5>=25,"D",IF(C5>=20,"D-","E"))))))))))) -> A | E5: 89 | F5: =IF(E5>=80,"A",IF(E5>=75,"A-",IF(E5>=70,"B+",IF(E5>=65,"B",IF(E5>=60,"B-",IF(E5>=55,"C+",IF(E5>=50,"C",IF(E5>=45,"C-",IF(E5>=40,"D+",IF(E5>=35,"D",IF(E5>=30,"D-","E"))))))))))) -> A | G5: 78 | H5: =IF(G5>=80,"A",IF(G5>=75,"A-",IF(G5>=70,"B+",IF(G5>=65,"B",IF(G5>=60,"B-",IF(G5>=55,"C+",IF(G5>=50,"C",IF(G5>=45,"C-",IF(G5>=40,"D+",IF(G5>=35,"D",IF(G5>=30,"D-","E"))))))))))) -> A- | I5: 90 | J5: =IF(I5="", " ",IF(I5>=80,"A",IF(I5>=75,"A-",IF(I5>=70,"B+",IF(I5>=65,"B",IF(I5>=60,"B-",IF(I5>=55,"C+",IF(I5>=50,"C",IF(I5>=45,"C-",IF(I5>=40,"D+",IF(I5>=35,"D",IF(I5>=30,"D-","E")))))))))))) -> A | K5: 78 | L5: =IF(K5>=80,"A",IF(K5>=75,"A-",IF(K5>=70,"B+",IF(K5>=65,"B",IF(K5>=60,"B-",IF(K5>=55,"C+",IF(K5>=50,"C",IF(K5>=45,"C-",IF(K5>=40,"D+",IF(K5>=35,"D",IF(K5>=30,"D-","E"))))))))))) -> A- | N5: =IF(M5="", " ",IF(M5>=80,"A",IF(M5>=75,"A-",IF(M5>=70,"B+",IF(M5>=65,"B",IF(M5>=60,"B-",IF(M5>=55,"C+",IF(M5>=50,"C",IF(M5>=45,"C-",IF(M5>=40,"D+",IF(M5>=35,"D",IF(M5>=30,"D-","E")))))))))))) | P5: =IF(O5="", " ",IF(O5>=80,"A",IF(O5>=75,"A-",IF(O5>=70,"B+",IF(O5>=65,"B",IF(O5>=60,"B-",IF(O5>=55,"C+",IF(O5>=50,"C",IF(O5>=45,"C-",IF(O5>=40,"D+",IF(O5>=35,"D",IF(O5>=30,"D-","E")))))))))))) | S5: 23 | T5: =IF(S5="", " ",IF(S5>=80,"A",IF(S5>=75,"A-",IF(S5>=70,"B+",IF(S5>=65,"B",IF(S5>=60,"B-",IF(S5>=55,"C+",IF(S5>=50,"C",IF(S5>=45,"C-",IF(S5>=40,"D+",IF(S5>=35,"D",IF(S5>=30,"D-","E")))))))))))) -> E | U5: 49 | V5: =IF(U5="", " ",IF(U5>=80,"A",IF(U5>=75,"A-",IF(U5>=70,"B+",IF(U5>=65,"B",IF(U5>=60,"B-",IF(U5>=55,"C+",IF(U5>=50,"C",IF(U5>=45,"C-",IF(U5>=40,"D+",IF(U5>=35,"D",IF(U5>=30,"D-","E")))))))))))) -> C- | W5: 66 | X5: =IF(W5="", " ",IF(W5>=80,"A",IF(W5>=75,"A-",IF(W5>=70,"B+",IF(W5>=65,"B",IF(W5>=60,"B-",IF(W5>=55,"C+",IF(W5>=50,"C",IF(W5>=45,"C-",IF(W5>=40,"D+",IF(W5>=35,"D",IF(W5>=30,"D-","E")))))))))))) -> B | Y5: =SUM(C5:W5) -> 549 | Z5: =SUM( IFERROR(VLOOKUP(D5,Sheet2!$K$13:$L$24,2,FALSE),0), IFERROR(VLOOKUP(F5,Sheet2!$K$13:$L$24,2,FALSE),0), IFERROR(VLOOKUP(H5,Sheet2!$K$13:$L$24,2,FALSE),0), IFERROR(VLOOKUP(J5,Sheet2!$K$13:$L$24,2,FALSE),0), IFERROR(VLOOKUP(L5,Sheet2!$K$13:$L$24,2,FALSE),0), IFERROR(VLOOKUP(N5,Sheet2!$K$13:$L$24,2,FALSE),0), IFERROR(VLOOKUP(P5,Sheet2!$K$13:$L$24,2,FALSE),0), IFERROR(VLOOKUP(R5,Sheet2!$K$13:$L$24,2,FALSE),0), IFERROR(VLOOKUP(T5,Sheet2!$K$13:$L$24,2,FALSE),0), IFERROR(VLOOKUP(V5,Sheet2!$K$13:$L$24,2,FALSE),0), IFERROR(VLOOKUP(X5,Sheet2!$K$13:$L$24,2,FALSE),0) ) -> 73 | AA5: =VLOOKUP(Z5, Sheet2!$A$2:$B$13, 2, TRUE) -> B-
AC26: =VLOOKUP(#REF!, J2:K13, 2, TRUE) -> #REF!

Sheet Sheet2
A2: 25 | B2: E
A3: 30 | B3: D+
A4: 35 | B4: D-
A5: 40 | B5: D
A6: 45 | B6: C+
A7: 50 | B7: C-
A8: 55 | B8: C
A9: 64 | B9: B+
A10: 65 | B10: B-
A11: 74 | B11: B | I11: =VLOOKUP(Sheet1!B2, Sheet1!$J$2:$K$13, 2, FALSE) -> #N/A
A12: 75 | B12: A-
A13: 84 | B13: A | K13: A | L13: 12
K14: A- | L14: 11
K15: B+ | L15: 10
K16: B | L16: 9
K17: B- | L17: 8
K18: C+ | L18: 7
K19: C | L19: 6
K20: C- | L20: 5
K21: D+ | L21: 4
K22: D | L22: 3
K23: D- | L23: 2
K24: E | L24: 1
